sample,classification,gene
CC.CHM.1341,Gain,BRCA1
CC.CHM.1347,Gain,BRCA1
CC.CHM.1355,Loss,BRCA1
CC.CHM.1361,Normal,BRCA1
CC.HAM.0369,Normal,BRCA1
CC.HAM.0374,Normal,BRCA1
CC.HAM.0379,Amplification,BRCA1
CC.HAM.0383,Loss,BRCA1
CC.HAM.0385,Loss,BRCA1
CC.HAM.0387,Loss,BRCA1
CC.HAM.0392,Gain,BRCA1
CC.HAM.0394,Gain,BRCA1
CC.HAM.0396,Normal,BRCA1
CC.HAM.0402,Normal,BRCA1
CC.HAM.0406,Gain,BRCA1
CC.HAM.0407,Gain,BRCA1
CC.HAM.0422,Normal,BRCA1
CC.HAM.0423,Normal,BRCA1
CC.HAM.0424,Loss,BRCA1
CC.HAM.0427,Gain,BRCA1
CC.HAM.0429,Normal,BRCA1
CC.HAM.0432,Amplification,BRCA1
CC.HAM.0435,Amplification,BRCA1
CC.HAM.0438,Gain,BRCA1
CC.HAM.0442,Normal,BRCA1
CC.HAM.0446,Gain,BRCA1
CC.HAM.0448,Gain,BRCA1
CC.HAM.0449,Gain,BRCA1
CC.HAM.0450,Normal,BRCA1
CC.HAM.0453,Normal,BRCA1
CC.HAM.0454,Normal,BRCA1
CC.HAM.0458,Loss,BRCA1
CC.HAM.0459,Loss,BRCA1
CC.HAM.0461,Normal,BRCA1
CC.JGH.0469,Normal,BRCA1
CC.JGH.0487,Normal,BRCA1
CC.JGH.0492,Normal,BRCA1
CC.JGH.0499,Gain,BRCA1
CC.JGH.0500,Loss,BRCA1
CC.JGH.0506,Normal,BRCA1
CC.JGH.0508,Normal,BRCA1
CC.JGH.0510,Normal,BRCA1
CC.JGH.0511,Gain,BRCA1
CC.JGH.0515,Normal,BRCA1
CC.JGH.0523,Normal,BRCA1
CC.JGH.0525,Normal,BRCA1
CC.KAM.1089,Loss,BRCA1
CC.LAV.0570,Normal,BRCA1
CC.LAV.0577,Normal,BRCA1
CC.LAV.0578,Amplification,BRCA1
CC.LAV.0586,Loss,BRCA1
CC.LAV.0587,Normal,BRCA1
CC.LAV.0590,Normal,BRCA1
CC.LAV.0598,Gain,BRCA1
CC.LAV.0600,Loss,BRCA1
CC.LAV.0615,Normal,BRCA1
CC.LAV.0616,Normal,BRCA1
CC.LAV.0630,Loss,BRCA1
CC.LAV.0647,Gain,BRCA1
CC.LAV.0660,Gain,BRCA1
CC.LAV.0664,Loss,BRCA1
CC.LAV.0671,Loss,BRCA1
CC.LAV.0681,Loss,BRCA1
CC.LAV.0687,Amplification,BRCA1
CC.LAV.0698,Loss,BRCA1
CC.LAV.0699,Normal,BRCA1
CC.LAV.0719,Normal,BRCA1
CC.LAV.0725,Amplification,BRCA1
CC.LAV.0726,Normal,BRCA1
CC.LGH.0979,Normal,BRCA1
CC.LGH.0989,Loss,BRCA1
CC.LGH.0992,Amplification,BRCA1
CC.NSH.0235,Gain,BRCA1
CC.NSH.0236,Gain,BRCA1
CC.NSH.0243,Normal,BRCA1
CC.NSH.0253,Amplification,BRCA1
CC.NSH.0254,Loss,BRCA1
CC.NSH.0269,Amplification,BRCA1
CC.NSH.0279,Normal,BRCA1
CC.NSH.0285,Loss,BRCA1
CC.NSH.0296,Amplification,BRCA1
CC.NSH.0299,Normal,BRCA1
CC.NSH.0309,Amplification,BRCA1
CC.NSH.0338,Normal,BRCA1
CC.NSH.0356,Normal,BRCA1
CC.PEN.1045,Gain,BRCA1
CC.RCH.1120,Normal,BRCA1
CC.RCH.1122,Loss,BRCA1
CC.RCH.1130,Loss,BRCA1
CC.RJH.1313,Normal,BRCA1
CC.RJH0119,Gain,BRCA1
CC.RJH0132,Gain,BRCA1
CC.RJH0175,Gain,BRCA1
CC.RJH0178,Gain,BRCA1
CC.RJH0182,Loss,BRCA1
CC.RJH0185,Normal,BRCA1
CC.RJH0201,Amplification,BRCA1
CC.SMH.0751,Loss,BRCA1
CC.SPH.1066,Gain,BRCA1
CC.SSK0053,Loss,BRCA1
CC.SSK0060,Gain,BRCA1
CC.SSK0062,Loss,BRCA1
CC.SSK0088,Normal,BRCA1
CC.SSK0089,Gain,BRCA1
CC.SSK0097,Gain,BRCA1
CC.SSK0099,Loss,BRCA1
CC.SSK0103,Gain,BRCA1
CC.SSK0109,Loss,BRCA1
CC.SUN.0808,Gain,BRCA1
CC.SUN.0819,Normal,BRCA1
CC.SUN.0820,Loss,BRCA1
CC.SUN.0822,Normal,BRCA1
CC.SUN.0825,Amplification,BRCA1
CC.SUN.0827,Gain,BRCA1
CC.SUN.0830,Loss,BRCA1
CC.SUN.0833,Normal,BRCA1
CC.SUN.0838,Normal,BRCA1
CC.SUN.0840,Normal,BRCA1
CC.SUN.0843,Normal,BRCA1
CC.SUN.0845,Loss,BRCA1
CC.SUN.0848,Loss,BRCA1
CC.SUN.0865,Gain,BRCA1
CC.SUN.0868,Normal,BRCA1
CC.SUN.0869,Normal,BRCA1
CC.SUN.0870,Gain,BRCA1
CC.SUN.0873,Loss,BRCA1
CC.SUN.0876,Gain,BRCA1
CC.SUN.0877,Normal,BRCA1
CC.SUN.0885,Normal,BRCA1
CC.SUN.0888,Gain,BRCA1
CC.SUN.0903,Loss,BRCA1
CC.SUN.0907,Amplification,BRCA1
CC.SUN.0908,Normal,BRCA1
CC.SUN.0909,Gain,BRCA1
CC.SUN.0924,Normal,BRCA1
CC.SUN.0931,Normal,BRCA1
CC.SUN.0932,Normal,BRCA1
CC.SUN.0942,Gain,BRCA1
CC.SUN.0944,Gain,BRCA1
CC.SUN.0946,Loss,BRCA1
CC.SUN.0947,Normal,BRCA1
CC.SUN.0951,Normal,BRCA1
CC.SUN.0953,Gain,BRCA1
CC.SUN.0954,Gain,BRCA1
CC.SUN.0960,Normal,BRCA1
CC.SUN.0961,Loss,BRCA1
CC.SUN.0967,Gain,BRCA1
CC.SUN.0972,Gain,BRCA1
CC.SUN.0974,Amplification,BRCA1
CC.SUN.0975,Gain,BRCA1
CC.VER.1146,Loss,BRCA1
CC.VGH.0036.T,Normal,BRCA1
CC.VGH.0041.T,Gain,BRCA1
CC.VGH.1168,Gain,BRCA1
CC.VGH.1209.T,Normal,BRCA1
CC.VGH.1210.T,Normal,BRCA1
CC.VGH.1215.T,Normal,BRCA1
CC.VGH.1217,Normal,BRCA1
CC.VGH.1218.T,Gain,BRCA1
CC.VGH.1225,Loss,BRCA1
CC.VGH.1227.T,Gain,BRCA1
CC.VGH.1230,Loss,BRCA1
CC.VGH.1253,Gain,BRCA1
CC.VGH.1258,Normal,BRCA1
CC.VGH.1295,High Amplification,BRCA1
CC.WPG.1392,Gain,BRCA1
CC.WPG.1393,Gain,BRCA1
CC.WPG.1405,Loss,BRCA1
CC.WPG.1412,High Amplification,BRCA1
CC.WPG.1418,Loss,BRCA1
VOA1081A,Amplification,BRCA1
VOA1082B,Loss,BRCA1
VS06.13266.C8,Loss,BRCA1
VS07.16094.D14,Gain,BRCA1
VS09.13515.A7,Loss,BRCA1
VS09.16339.B8,Loss,BRCA1
VS13.19263,Gain,BRCA1
YW.EC002,Gain,BRCA1
YW.EC022,Normal,BRCA1
YW.EC025,Normal,BRCA1
YW.EC052,No Data,BRCA1
CC.CHM.1353,Normal,BRCA1
CC.HAM.0405,Gain,BRCA1
CC.LAV.0646,Gain,BRCA1
CC.SUN.0859,Normal,BRCA1
CC.SUN.0918,Gain,BRCA1
YW.EC003,Gain,BRCA1
